"","row.names.fits1.","row.names.fits2.","c12fit","c12paper","c12dif","fgfit","fgpaper","fgdif","c21fit","c21paper","c21dif","fgfit.1","fgpaper.1","fgdif.1"
"1","H","K",2.56713104484355e-13,0.0028,-0.999999999908317,1.00000000612685,0,1.00000000612685,0.00138761202851832,1e-04,12.8761202851832,8.19969040382758,8.2,-0.00030959617241777
"2","L","W",3.46076243010913e-13,0.0029,-0.999999999880663,1.00000000860075,0,1.00000000860075,0.00146807753819933,1e-04,13.6807753819933,8.60057589637898,8.6,0.000575896378983032
"3","F","W",2.42833472485015e-12,0.0051,-0.999999999523856,1.00000010841583,0.1,0.900000108415834,0.00326380427010736,1e-04,31.6380427010736,17.1006644526437,17.1,0.000664452643658109
"4","T","W",3.46076243010913e-13,0.0024,-0.999999999855802,1.00000000860075,0,1.00000000860075,0.00146807753819933,1e-04,13.6807753819933,8.60057589637898,8.6,0.000575896378983032
"5","S","W",1.14939030425149e-13,0.0017,-0.999999999932389,1.00000000134593,0,1.00000000134593,0.000450884121607524,1e-04,3.50884121607524,3.39994818348522,3.4,-5.18165147811445e-05
"6","H","F",7.09367084680145e-13,0.0033,-0.99999999978504,1.00000003565393,0.3,0.700000035653929,0.00384972156503739,1e-04,37.4972156503739,19.697370237267,19.7,-0.00262976273296545
"7","C","F",6.61727040702429e-06,0.0044,-0.998496074907494,1.70158400854431,1.7,0.00158400854431351,0.0181475496227952,1e-04,180.475496227952,72.1041764818789,72.1,0.00417648187890052
"8","L","K",5.88535710183153e-13,0.0039,-0.999999999849093,1.00000003312552,0.6,0.400000033125518,0.00452695702888902,1e-04,44.2695702888902,22.5963773409786,22.6,-0.00362265902139569
"9","H","W",4.30097487622847e-13,0.0022,-0.999999999804501,1.00000000898407,0.2,0.800000008984067,0.0011488522730224,1e-04,10.488522730224,6.99967644059868,7,-0.000323559401319784
"10","G","F",2.42833472485015e-12,0.0033,-0.999999999264141,1.00000010841583,0.7,0.300000108415834,0.00326380427010736,1e-04,31.6380427010736,17.1006644526437,17.1,0.000664452643658109
"11","K","F",1.35430114450434e-05,0.0048,-0.997178539282283,2.10050242851453,2.1,0.000502428514526976,0.00716589980730423,0.001,6.16589980730423,42.502016781876,42.5,0.00201678187597309
"12","C","K",1.72183716928892e-05,0.0045,-0.996173695179358,2.09784083388146,2.1,-0.00215916611854006,0.00470459966617436,0.0012,2.92049972181196,30.4998783026802,30.5,-0.000121697319752201
"13","P","W",3.32301489202439e-13,0.0028,-0.999999999881321,1.00000000946884,0.7,0.300000009468836,0.00177196832620241,1e-04,16.7196832620241,10.098684271331,10.1,-0.00131572866900065
"14","H","M",2.82094102766204e-05,0.0032,-0.991184559288556,1.89934677135888,1.9,-0.000653228641115389,0.00178954251217889,8e-04,1.23692814022361,12.9002010084913,12.9,0.000201008491304222
"15","G","M",0.000127179269131972,0.011,-0.98843824826073,10.2969693059921,10.3,-0.00303069400787948,0.00403041521312215,0.0066,-0.389331028314825,57.7010397545062,57.7,0.00103975450615934
"16","G","K",7.44629456943528e-05,0.0044,-0.983076603251284,4.09862425402791,4.1,-0.00137574597208889,0.00205383890648406,0.0022,-0.0664368606890616,20.8988215171355,20.9,-0.00117848286452826
"17","G","W",2.64536699554452e-11,0.0021,-0.999999987403014,1.00000038497665,0.9,0.100000384976648,0.000661297957088432,1e-04,5.61297957088432,4.49972920351175,4.5,-0.000270796488247349
"18","M","T",0.00027100510277708,0.00636,-0.957389134783478,16.9985893416111,17,-0.00141065838888821,0.00614368590494101,0.00403,0.524487817603228,80.8014420259506,80.8,0.00144202595058118
"19","R","P",5.76059746945814e-13,0.0019,-0.999999999696811,1.00000000674562,0.8,0.200000006745619,0.000450884121607529,1e-04,3.50884121607529,3.39994818869303,3.4,-5.18113069727377e-05
"20","C","W",3.6382984625515e-05,0.0023,-0.984181311032385,1.69974798730063,1.7,-0.000252012699366366,0.000897789932713035,5e-04,0.79557986542607,6.90048383316494,6.9,0.000483833164937053
"21","I","W",0.000100876641168054,0.00378,-0.973313057892049,4.80099531254995,4.8,0.000995312549949112,0.0016818704382379,0.002,-0.15906478088105,19.199537628479,19.2,-0.000462371521031457
"22","I","F",0.000227269583019954,0.0041,-0.944568394385377,15.2051072654367,15.2,0.00510726543673634,0.00256707868662712,0.0026,-0.0126620436049542,51.0012295894665,51,0.00122958946648311
"23","R","K",0.000200719436866528,0.0077,-0.973932540666685,11.6997448844383,11.7,-0.000255115561660801,0.00203146345523356,0.0052,-0.609333950916623,37.0981148239337,37.1,-0.00188517606625282
"24","H","Y",2.52805060500468e-11,0.0013,-0.999999980553457,1.00000018325575,0.5,0.500000183255746,0.000130341051906345,1e-04,0.303410519063454,1.69989929611784,1.7,-0.000100703882155218
"25","L","P",3.3434260242924e-11,0.0013,-0.999999974281338,1.00000025121437,0.6,0.40000025121437,0.000149051481909127,1e-04,0.490514819091267,1.79995860322385,1.8,-4.13967761516698e-05
"26","R","G",6.71153521372914e-05,0.0025,-0.973153859145083,2.20026544628178,2.2,0.000265446281775716,0.000743698839338977,0.001,-0.256301160661023,6.60027420002544,6.6,0.000274200025440763
"27","R","H",3.71280913936995e-14,0.0013,-0.99999999997144,1.00000000021987,0.4,0.600000000219871,3.71542735435635e-05,1e-04,-0.628457264564365,1.20002070292103,1.2,2.07029210257392e-05
"28","F","T",2.57153063481555e-05,0.0017,-0.984873349206967,1.30001271307975,1.3,1.27130797542563e-05,0.000419233583617318,4e-04,0.0480839590432945,3.49993247977749,3.5,-6.75202225139948e-05
"29","M","P",0.000249056922154371,0.008,-0.968867884730704,13.6998679544509,13.7,-0.000132045549060322,0.00177620024932005,0.00608,-0.707861801098675,36.5019455518891,36.5,0.00194555188907941
"30","M","W",0.000171929061419514,0.0041,-0.958066082580606,6.70071474937792,6.7,0.000714749377922708,0.00122311156317038,0.0028,-0.563174441724865,17.700387076683,17.7,0.000387076683015408
"31","L","M",0.000225961034776719,0.0063,-0.96413316908306,9.09941748469847,9.1,-0.000582515301525532,0.00120390211714686,0.00465,-0.741096318893149,20.9002532065312,20.9,0.00025320653119465
"32","R","W",0.000254462391108942,0.0032,-0.920480502778456,7.80059723039242,7.8,0.000597230392418879,0.00082921359342682,0.0024,-0.654494336072158,14.0010808840336,14,0.00108088403361961
"33","C","P",0.000102387573246339,0.00185,-0.94465536581279,2.2001509003134,2.2,0.000150900313396818,0.000358366255842185,0.0011,-0.674212494688923,3.80035392268686,3.8,0.000353922686860297
"34","S","Y",8.92855647555842e-22,0.001,-1,1,0.5,0.5,2.69201902622198e-20,0.00031,-1,1,0.9,0.1
"35","C","H",2.27935778167987e-18,9e-04,-0.999999999999997,1,0.4,0.6,3.45367327521771e-25,3e-04,-1,1,0.6,0.4
"36","T","Y",2.44785770374364e-12,0.00115,-0.999999997871428,1.00000001449602,0.8,0.200000014496023,3.71540745409063e-05,5e-04,-0.925691850918188,1.20001963405009,1.2,1.96340500897563e-05
"37","F","S",8.72463246300638e-05,0.0014,-0.937681196692812,1.69998402229112,1.7,-1.59777088786228e-05,0.000157404105219299,0.0011,-0.856905358891547,2.09993243952621,2.1,-6.75604737949698e-05
"38","P","Y",0.000199080454803558,0.0019,-0.895220813261285,3.4998250271992,3.5,-0.000174972800797146,0.000340649989887144,0.0016,-0.787093756320535,4.49977475950428,4.5,-0.000225240495717038
"39","H","I",3.11771701335758e-05,0.0011,-0.971657118060386,1.20000224477015,1.2,2.24477015331459e-06,6.80177305201088e-05,9e-04,-0.924424743866546,1.39997806035029,1.4,-2.1939649705871e-05
"40","R","C",1.32217536941296e-18,0.00092,-0.999999999999999,1,0.7,0.3,6.09893361538229e-23,0.00072,-1,1,0.9,0.1
"41","L","S",3.38963604937595e-05,9e-04,-0.962337377229156,1.19998186724014,1.2,-1.81327598549608e-05,3.38963387260006e-05,9e-04,-0.962337401415555,1.19998174951594,1.2,-1.82504840571251e-05
"42","R","M",0.0007517084145352,0.007,-0.892613083637829,22.8003675264431,22.8,0.000367526443124433,0.000566487626193645,0.0073,-0.922398955315939,19.7992567348926,19.8,-0.000743265107374214
"43","C","I",0.000106372193822812,0.0011,-0.903298005615626,1.69998916648484,1.7,-1.08335151605132e-05,7.03462289003735e-05,0.0013,-0.945887516230482,1.49995781555638,1.5,-4.21844436231389e-05
"44","C","G",0.000563919810213258,0.0028,-0.798600067780979,11.4995521523595,11.5,-0.00044784764053496,0.000383525116850406,0.003,-0.872158294383198,9.50036192864941,9.5,0.000361928649414978
"45","R","I",0.000624695507931727,0.0024,-0.739710205028447,13.1993427938455,13.2,-0.000657206154452084,0.000386580243865409,0.0027,-0.8568221319017,10.4016994192979,10.4,0.0016994192979265
"46","I","Y",0.000245327202246907,0.00145,-0.830808826036616,3.10010650317314,3.1,0.000106503173142425,0.000149573338830491,0.00175,-0.914529520668291,2.49996526465964,2.5,-3.473534036047e-05
"47","M","F",0.000890813088991621,0.0084,-0.893950822739093,25.8983095702363,25.9,-0.00169042976366285,0.000504460437187748,0.00924,-0.945404714590071,19.5002190261091,19.5,0.000219026109061105
"48","S","T",2.27935778167987e-18,3e-04,-0.999999999999992,1,0.3,0.7,3.45367327521771e-25,6e-04,-1,1,0.3,0.7
"49","L","T",3.71540745409063e-05,7e-04,-0.946922750655848,1.20001963405009,1.2,1.96340500897563e-05,2.44785770374364e-12,0.0011,-0.999999997774675,1.00000001449602,0.8,0.200000014496023
"50","C","M",3.71540745409063e-05,0.00065,-0.942839885321683,1.20001963405009,1.2,1.96340500897563e-05,2.44785770374364e-12,0.0011,-0.999999997774675,1.00000001449602,0.8,0.200000014496023
"51","C","Y",0.000224261361417135,0.00111,-0.797962737462041,2.60011534068085,2.6,0.000115340680845399,8.71875238480899e-05,0.00159,-0.945165079340824,1.7998847706016,1.8,-0.000115229398403693
"52","R","T",2.27935778167987e-18,1e-04,-0.999999999999977,1,0.2,0.8,3.45367327521771e-25,0.00056,-1,1,0.2,0.8
"53","C","L",0.000160657208013722,8e-04,-0.799178489982847,1.90006299528663,1.9,6.2995286631784e-05,1.29232513724588e-05,0.0014,-0.990769106162529,1.09998518902961,1.1,-1.48109703930199e-05
"54","C","T",2.27935778167987e-18,1e-04,-0.999999999999977,1,0.1,0.9,3.45367327521771e-25,3e-04,-1,1,0.1,0.9
"55","I","K",0.00138732761149292,0.0052,-0.733206228559055,35.7016660625683,35.7,0.00166606256826896,0.000371799581842084,0.00624,-0.940416733679153,18.5019817116088,18.5,0.00198171160881344
"56","H","T",6.09893361538316e-23,1e-04,-1,1,0.7,0.3,1.32217536941296e-18,9e-04,-0.999999999999999,1,0.3,0.7
"57","K","W",0.00124553829987951,0.00345,-0.638974405832026,21.4992883027391,21.5,-0.000711697260896926,0.000220936487781465,0.0046,-0.95197032874316,9.10011929803014,9.1,0.000119298030144321
"58","H","P",0.000205286042665323,4e-04,-0.486784893336692,2.10006975344969,2.1,6.97534496878482e-05,2.1918564490714e-11,0.0015,-0.999999985387624,1.00000018205991,0.9,0.100000182059907
"59","I","T",0.000167768618778095,0.00025,-0.328925524887621,1.89995077687691,1.9,-4.92231230868612e-05,2.35856688981364e-11,0.0014,-0.999999983153094,1.00000018344962,0.7,0.300000183449618
"60","I","S",0.0001865452504928,0.00031,-0.39824112744258,2.00015765817421,2,0.000157658174205544,7.96613028069827e-11,0.0015,-0.999999946892465,1.00000064068655,0.8,0.20000064068655
"61","R","Y",0.000906859529770972,0.0012,-0.244283725190857,10.4984161089959,10.5,-0.00158389100405287,0.000131317301089349,0.0024,-0.945284457879438,4.10061829701781,4.1,0.000618297017807912
"62","I","P",0.00045261108285898,0.00051,-0.112527288511804,3.60020426556327,3.6,0.000204265563266581,1.66513574628348e-05,0.002,-0.991674321268583,1.20002378710817,1.2,2.37871081707475e-05
"63","G","I",0.00045261108285898,7e-04,-0.353412738772886,3.60020426556327,3.6,0.000204265563266581,1.66513574628348e-05,0.0021,-0.992070782160555,1.20002378710817,1.2,2.37871081707475e-05
"64","I","M",0.00409057503718814,0.0081,-0.494990736149613,71.2949972995296,71.3,-0.00500270047039919,0.00024018404657535,0.0122,-0.980312783067594,17.3030525412882,17.3,0.0030525412882163
"65","L","Y",0.000885462469823638,4e-04,1.2136561745591,6.50057742849425,6.5,0.000577428494254129,2.6836009079083e-05,0.0023,-0.988332169965616,1.5001350207357,1.5,0.000135020735697156
"66","P","S",0.000149051481909127,1e-04,0.490514819091267,1.79995860322385,1.8,-4.13967761516698e-05,3.3434260242924e-11,0.0015,-0.999999977710493,1.00000025121437,0.4,0.60000025121437
"67","H","S",3.18511413934999e-14,1e-04,-0.999999999681489,1.00000000017208,1,1.72077019300332e-10,1.4537843856076e-23,0.0012,-1,1,0.2,0.8
"68","P","T",0.000130341051906345,1e-04,0.303410519063454,1.69989929611784,1.7,-0.000100703882155218,2.52805060500468e-11,0.0015,-0.999999983146329,1.00000018325575,0.3,0.700000183255746
"69","R","S",0.000167790454050789,1e-04,0.677904540507892,1.90006729461886,1.9,6.72946188569057e-05,2.33614427878816e-13,0.0016,-0.999999999853991,1.00000000181713,0.3,0.700000001817128
"70","H","L",0.000167790454050789,1e-04,0.677904540507892,1.90006729461886,1.9,6.72946188569057e-05,2.33614427878816e-13,0.0016,-0.999999999853991,1.00000000181713,0.3,0.700000001817128
"71","L","F",0.00332669695818879,7e-04,3.75242422598399,29.7003779083023,29.7,0.000377908302301222,4.78827479241118e-05,0.0033,-0.985490076386633,3.69895585450286,3.7,-0.00104414549713594
"72","I","L",0.000186506114645072,1e-04,0.865061146450721,1.99994862945529,2,-5.13705447138246e-05,1.10684534704627e-12,0.0017,-0.999999999348914,1.00000000890134,0.2,0.800000008901339
"73","G","S",0.000546232994617024,1e-04,4.46232994617024,3.89988985998344,3.9,-0.000110140016564841,9.30702831449964e-15,0.0022,-0.999999999995769,1.00000000012105,0.3,0.700000000121051
"74","G","T",0.000261637387838876,1e-04,1.61637387838876,2.39987462994997,2.4,-0.000125370050024998,1.01363047670349e-11,0.0018,-0.99999999436872,1.00000009219383,0.2,0.800000092193832
"75","M","S",0.000356062206575224,1e-04,2.56062206575224,2.90016307684544,2.9,0.000163076845439036,1.15275512190533e-14,0.0019,-0.999999999993933,1.00000000011996,0.3,0.700000000119964
"76","R","F",0.00826693226405392,0.00263,2.14332025249198,67.305603370736,67.3,0.00560337073603989,4.56774302161794e-05,0.00713,-0.993593628300676,5.10141247665936,5.1,0.00141247665936195
"77","M","Y",0.00685959343001388,0.00204,2.36254579902641,50.1960100486248,50.2,-0.00398995137517488,2.87481613368132e-05,0.00636,-0.995479848846413,3.39933411981457,3.4,-0.000665880185429124
"78","K","M",0.00705561597479893,0.0033,1.13806544690877,47.9009592536599,47.9,0.000959253659935655,2.2836939766421e-05,0.0117,-0.998048124806289,2.90230704676305,2.9,0.00230704676304994
"79","G","P",0.000719135671863963,1e-04,6.19135671863963,4.79980898333284,4.8,-0.000191016667162813,1.44348200777955e-12,0.0025,-0.999999999422607,1.00000002211801,0.2,0.80000002211801
"80","W","Y",0.00448385742163655,1e-04,43.8385742163655,23.0975403185634,23.1,-0.00245968143656583,1.77255145236683e-06,0.0038,-0.999533539091482,1.10022979751712,1.1,0.000229797517116825
"81","G","H",7.43908529884541e-05,1e-04,-0.256091470115459,1.40007489956195,1.4,7.48995619521686e-05,2.90467875754088e-13,0.0016,-0.999999999818458,1.00000000187463,0,1.00000000187463
"82","K","S",0.00493687216082266,1e-04,48.3687216082266,24.299343469544,24.3,-0.00065653045599845,1.77329743423652e-13,0.0043,-0.999999999958761,1.00000001058651,0.7,0.300000010586506
"83","F","Y",0.0120156013560533,0.00031,37.7600043743656,55.6035746706544,55.6,0.00357467065440176,6.05351334252288e-06,0.012,-0.99949554055479,1.59910514132389,1.6,-0.000894858676105725
"84","F","P",0.00469485321792684,1e-04,45.9485321792684,23.2985359678361,23.3,-0.00146403216392699,6.40883252241465e-13,0.0034,-0.999999999811505,1.0000000369814,0.5,0.500000036981396
"85","G","Y",0.00029933649422137,1e-04,1.9933649422137,2.59992632948052,2.6,-7.36705194834819e-05,2.81462257086934e-14,0.0019,-0.999999999985186,1.00000000027078,0,1.00000000027078
"86","K","Y",0.0072168899177816,1e-04,71.168899177816,33.1018279036718,33.1,0.00182790367183827,2.18096672729467e-13,0.0044,-0.999999999950433,1.00000001654156,0.5,0.500000016541556
"87","K","T",0.0107711740191543,1e-04,106.711740191543,44.8010996154183,44.8,0.00109961541829051,1.72357517446693e-13,0.0048,-0.999999999964092,1.00000001605084,0.6,0.40000001605084
"88","K","P",0.00471936300205449,1e-04,46.1936300205449,23.4004971411383,23.4,0.00049714113826127,6.22973375500897e-13,0.0039,-0.999999999840263,1.0000000360755,0.2,0.800000036075501
"89","R","L",0.00152830914242942,1e-04,14.2830914242942,8.89949576001898,8.9,-0.000504239981022891,2.19395521029502e-13,0.0019,-0.999999999884529,1.00000000561305,0.1,0.900000005613046
"90","G","L",0.000450884121607524,1e-04,3.50884121607524,3.39994818348522,3.4,-5.18165147811445e-05,1.14939030425149e-13,0.0021,-0.999999999945267,1.00000000134593,0,1.00000000134593
"91","C","S",2.27935778167987e-18,1e-04,-0.999999999999977,1,0,1,3.45367327521771e-25,1e-04,-1,1,0,1
